{
  "IsEncrypted": false,
  "Values": {
    "WEBSITE_SLOT_NAME": "Production",
    "FUNCTIONS_EXTENSION_VERSION": "~3",
    "ScmType": "None",
    "WEBSITE_AUTH_ENABLED": "False",
    "WEBSITE_RUN_FROM_PACKAGE": "1",
    "AzureWebJobsDashboard": "DefaultEndpointsProtocol=https;AccountName=asfunctionhash;AccountKey=RZUEF5F3IUgOBEWKS/wRjlp/bKUSgc32ju+kKjGzC/xBZB1G7wNAoefa5OY8NgBehD0o6hSHyIbTyn8dqYISHQ==;EndpointSuffix=core.windows.net",
    "WEBSITE_CONTENTAZUREFILECONNECTIONSTRING": "DefaultEndpointsProtocol=https;AccountName=asfunctionhash;AccountKey=RZUEF5F3IUgOBEWKS/wRjlp/bKUSgc32ju+kKjGzC/xBZB1G7wNAoefa5OY8NgBehD0o6hSHyIbTyn8dqYISHQ==;EndpointSuffix=core.windows.net",
    "WEBSITE_CONTENTSHARE": "functionhashbylogiqapps",
    "FUNCTIONS_WORKER_RUNTIME": "dotnet",
    "WEBSITE_SITE_NAME": "FunctionHashByLogiqApps",
    "AzureWebJobsStorage": "DefaultEndpointsProtocol=https;AccountName=asfunctionhash;AccountKey=RZUEF5F3IUgOBEWKS/wRjlp/bKUSgc32ju+kKjGzC/xBZB1G7wNAoefa5OY8NgBehD0o6hSHyIbTyn8dqYISHQ==;EndpointSuffix=core.windows.net"
  }
}